Project,Cluster
AngularJS_,Cluster neutro
Bitcoin_,Cluster neutro
Blender_,Cluster neutro
Django_,Cluster neutro
Emacs_,Cluster neutro
FFmpeg_,Cluster neutro
Firefox_,Cluster neutro
GitLab_,Cluster neutro
Git_,Cluster neutro
Gstreamer_,Cluster neutro
iPython_,Cluster neutro
LibreOffice_,Cluster neutro
LLVM_,Cluster neutro
Mesa_,Cluster neutro
Nodejs_,Cluster neutro
Python_,Cluster neutro
QEMU_,Cluster neutro
Rails_,Cluster neutro
Salt_,Cluster neutro
U-boot_,Cluster neutro
Vagrant_,Cluster neutro
